benchmark,tier,method,seed,instance_id,eval_mode,solved,steps,optimal_steps,rollouts_to_solve,final_entropy,provenance
rush_hour,d10,hrep,0,d10_p0,greedy,1,17.0,10,,,trusted
rush_hour,d10,hrep,0,d10_p0,stochastic,1,17.1,10,,,trusted
rush_hour,d10,vrep,0,d10_p0,greedy,1,17.0,10,,,trusted
rush_hour,d10,vrep,0,d10_p0,stochastic,1,17.1,10,,,trusted
rush_hour,d10,gnn,0,d10_p0,greedy,1,17.0,10,,,trusted
rush_hour,d10,gnn,0,d10_p0,stochastic,1,17.1,10,,,trusted
rush_hour,d10,mlp,0,d10_p0,greedy,1,17.0,10,,,trusted
rush_hour,d10,mlp,0,d10_p0,stochastic,1,17.0,10,,,trusted
rush_hour,d10,cnn,0,d10_p0,greedy,1,17.0,10,,,trusted
rush_hour,d10,cnn,0,d10_p0,stochastic,1,17.1,10,,,trusted
rush_hour,d10,hrep,0,d10_p1,greedy,1,16.0,10,,,trusted
rush_hour,d10,hrep,0,d10_p1,stochastic,1,16.0,10,,,trusted
rush_hour,d10,vrep,0,d10_p1,greedy,1,16.0,10,,,trusted
rush_hour,d10,vrep,0,d10_p1,stochastic,1,16.2,10,,,trusted
rush_hour,d10,gnn,0,d10_p1,greedy,1,16.0,10,,,trusted
rush_hour,d10,gnn,0,d10_p1,stochastic,1,19.9,10,,,trusted
rush_hour,d10,mlp,0,d10_p1,greedy,1,16.0,10,,,trusted
rush_hour,d10,mlp,0,d10_p1,stochastic,1,16.0,10,,,trusted
rush_hour,d10,cnn,0,d10_p1,greedy,1,16.0,10,,,trusted
rush_hour,d10,cnn,0,d10_p1,stochastic,1,16.1,10,,,trusted
rush_hour,d10,hrep,0,d10_p2,greedy,1,18.0,10,,,trusted
rush_hour,d10,hrep,0,d10_p2,stochastic,1,18.0,10,,,trusted
rush_hour,d10,vrep,0,d10_p2,greedy,1,16.0,10,,,trusted
rush_hour,d10,vrep,0,d10_p2,stochastic,1,16.1,10,,,trusted
rush_hour,d10,gnn,0,d10_p2,greedy,1,18.0,10,,,trusted
rush_hour,d10,gnn,0,d10_p2,stochastic,1,18.0,10,,,trusted
rush_hour,d10,mlp,0,d10_p2,greedy,1,18.0,10,,,trusted
rush_hour,d10,mlp,0,d10_p2,stochastic,1,25.6,10,,,trusted
rush_hour,d10,cnn,0,d10_p2,greedy,1,16.0,10,,,trusted
rush_hour,d10,cnn,0,d10_p2,stochastic,1,16.2,10,,,trusted
rush_hour,d10,hrep,0,d10_p3,greedy,1,16.0,10,,,trusted
rush_hour,d10,hrep,0,d10_p3,stochastic,1,16.8,10,,,trusted
rush_hour,d10,vrep,0,d10_p3,greedy,1,16.0,10,,,trusted
rush_hour,d10,vrep,0,d10_p3,stochastic,1,16.4,10,,,trusted
rush_hour,d10,gnn,0,d10_p3,greedy,1,16.0,10,,,trusted
rush_hour,d10,gnn,0,d10_p3,stochastic,1,16.2,10,,,trusted
rush_hour,d10,mlp,0,d10_p3,greedy,1,19.0,10,,,trusted
rush_hour,d10,mlp,0,d10_p3,stochastic,1,19.1,10,,,trusted
rush_hour,d10,cnn,0,d10_p3,greedy,1,16.0,10,,,trusted
rush_hour,d10,cnn,0,d10_p3,stochastic,1,16.2,10,,,trusted
rush_hour,d10,hrep,0,d10_p4,greedy,1,16.0,10,,,trusted
rush_hour,d10,hrep,0,d10_p4,stochastic,1,16.1,10,,,trusted
rush_hour,d10,vrep,0,d10_p4,greedy,1,16.0,10,,,trusted
rush_hour,d10,vrep,0,d10_p4,stochastic,1,16.1,10,,,trusted
rush_hour,d10,gnn,0,d10_p4,greedy,1,16.0,10,,,trusted
rush_hour,d10,gnn,0,d10_p4,stochastic,1,16.3,10,,,trusted
rush_hour,d10,mlp,0,d10_p4,greedy,1,16.0,10,,,trusted
rush_hour,d10,mlp,0,d10_p4,stochastic,1,16.1,10,,,trusted
rush_hour,d10,cnn,0,d10_p4,greedy,1,16.0,10,,,trusted
rush_hour,d10,cnn,0,d10_p4,stochastic,1,16.0,10,,,trusted
rush_hour,d10,hrep,0,d10_p5,greedy,1,5.0,10,,,trusted
rush_hour,d10,hrep,0,d10_p5,stochastic,1,5.0,10,,,trusted
rush_hour,d10,vrep,0,d10_p5,greedy,1,5.0,10,,,trusted
rush_hour,d10,vrep,0,d10_p5,stochastic,1,5.2,10,,,trusted
rush_hour,d10,gnn,0,d10_p5,greedy,1,5.0,10,,,trusted
rush_hour,d10,gnn,0,d10_p5,stochastic,1,5.2,10,,,trusted
rush_hour,d10,mlp,0,d10_p5,greedy,1,5.0,10,,,trusted
rush_hour,d10,mlp,0,d10_p5,stochastic,1,5.0,10,,,trusted
rush_hour,d10,cnn,0,d10_p5,greedy,1,5.0,10,,,trusted
rush_hour,d10,cnn,0,d10_p5,stochastic,1,5.1,10,,,trusted
rush_hour,d10,hrep,0,d10_p6,greedy,1,19.0,10,,,trusted
rush_hour,d10,hrep,0,d10_p6,stochastic,1,19.1,10,,,trusted
rush_hour,d10,vrep,0,d10_p6,greedy,1,18.0,10,,,trusted
rush_hour,d10,vrep,0,d10_p6,stochastic,1,18.0,10,,,trusted
rush_hour,d10,gnn,0,d10_p6,greedy,1,18.0,10,,,trusted
rush_hour,d10,gnn,0,d10_p6,stochastic,1,18.2,10,,,trusted
rush_hour,d10,mlp,0,d10_p6,greedy,1,18.0,10,,,trusted
rush_hour,d10,mlp,0,d10_p6,stochastic,1,18.2,10,,,trusted
rush_hour,d10,cnn,0,d10_p6,greedy,1,18.0,10,,,trusted
rush_hour,d10,cnn,0,d10_p6,stochastic,1,18.1,10,,,trusted
rush_hour,d10,hrep,0,d10_p7,greedy,1,19.0,10,,,trusted
rush_hour,d10,hrep,0,d10_p7,stochastic,1,19.0,10,,,trusted
rush_hour,d10,vrep,0,d10_p7,greedy,1,19.0,10,,,trusted
rush_hour,d10,vrep,0,d10_p7,stochastic,1,21.9,10,,,trusted
rush_hour,d10,gnn,0,d10_p7,greedy,1,19.0,10,,,trusted
rush_hour,d10,gnn,0,d10_p7,stochastic,1,19.0,10,,,trusted
rush_hour,d10,mlp,0,d10_p7,greedy,1,17.0,10,,,trusted
rush_hour,d10,mlp,0,d10_p7,stochastic,1,17.1,10,,,trusted
rush_hour,d10,cnn,0,d10_p7,greedy,1,19.0,10,,,trusted
rush_hour,d10,cnn,0,d10_p7,stochastic,1,19.1,10,,,trusted
rush_hour,d10,hrep,0,d10_p8,greedy,1,17.0,10,,,trusted
rush_hour,d10,hrep,0,d10_p8,stochastic,1,17.0,10,,,trusted
rush_hour,d10,vrep,0,d10_p8,greedy,1,17.0,10,,,trusted
rush_hour,d10,vrep,0,d10_p8,stochastic,1,17.0,10,,,trusted
rush_hour,d10,gnn,0,d10_p8,greedy,1,17.0,10,,,trusted
rush_hour,d10,gnn,0,d10_p8,stochastic,1,17.0,10,,,trusted
rush_hour,d10,mlp,0,d10_p8,greedy,1,17.0,10,,,trusted
rush_hour,d10,mlp,0,d10_p8,stochastic,1,17.0,10,,,trusted
rush_hour,d10,cnn,0,d10_p8,greedy,1,17.0,10,,,trusted
rush_hour,d10,cnn,0,d10_p8,stochastic,1,17.1,10,,,trusted
rush_hour,d10,hrep,0,d10_p9,greedy,1,19.0,10,,,trusted
rush_hour,d10,hrep,0,d10_p9,stochastic,1,19.0,10,,,trusted
rush_hour,d10,vrep,0,d10_p9,greedy,1,20.0,10,,,trusted
rush_hour,d10,vrep,0,d10_p9,stochastic,1,20.2,10,,,trusted
rush_hour,d10,gnn,0,d10_p9,greedy,1,26.0,10,,,trusted
rush_hour,d10,gnn,0,d10_p9,stochastic,1,25.4,10,,,trusted
rush_hour,d10,mlp,0,d10_p9,greedy,0,,10,,,trusted
rush_hour,d10,mlp,0,d10_p9,stochastic,0,,10,,,trusted
rush_hour,d10,cnn,0,d10_p9,greedy,1,19.0,10,,,trusted
rush_hour,d10,cnn,0,d10_p9,stochastic,1,19.1,10,,,trusted
rush_hour,d10,hrep,0,d10_p10,greedy,0,,10,,,trusted
rush_hour,d10,hrep,0,d10_p10,stochastic,0,185.0,10,,,trusted
rush_hour,d10,vrep,0,d10_p10,greedy,1,15.0,10,,,trusted
rush_hour,d10,vrep,0,d10_p10,stochastic,1,15.0,10,,,trusted
rush_hour,d10,gnn,0,d10_p10,greedy,1,16.0,10,,,trusted
rush_hour,d10,gnn,0,d10_p10,stochastic,1,16.0,10,,,trusted
rush_hour,d10,mlp,0,d10_p10,greedy,1,15.0,10,,,trusted
rush_hour,d10,mlp,0,d10_p10,stochastic,1,15.0,10,,,trusted
rush_hour,d10,cnn,0,d10_p10,greedy,1,15.0,10,,,trusted
rush_hour,d10,cnn,0,d10_p10,stochastic,1,15.1,10,,,trusted
rush_hour,d10,hrep,0,d10_p11,greedy,1,18.0,10,,,trusted
rush_hour,d10,hrep,0,d10_p11,stochastic,1,18.0,10,,,trusted
rush_hour,d10,vrep,0,d10_p11,greedy,1,18.0,10,,,trusted
rush_hour,d10,vrep,0,d10_p11,stochastic,1,18.0,10,,,trusted
rush_hour,d10,gnn,0,d10_p11,greedy,1,18.0,10,,,trusted
rush_hour,d10,gnn,0,d10_p11,stochastic,1,18.1,10,,,trusted
rush_hour,d10,mlp,0,d10_p11,greedy,1,20.0,10,,,trusted
rush_hour,d10,mlp,0,d10_p11,stochastic,1,20.2,10,,,trusted
rush_hour,d10,cnn,0,d10_p11,greedy,1,18.0,10,,,trusted
rush_hour,d10,cnn,0,d10_p11,stochastic,1,18.0,10,,,trusted
rush_hour,d10,hrep,0,d10_p12,greedy,1,15.0,10,,,trusted
rush_hour,d10,hrep,0,d10_p12,stochastic,1,15.2,10,,,trusted
rush_hour,d10,vrep,0,d10_p12,greedy,1,15.0,10,,,trusted
rush_hour,d10,vrep,0,d10_p12,stochastic,1,15.2,10,,,trusted
rush_hour,d10,gnn,0,d10_p12,greedy,1,16.0,10,,,trusted
rush_hour,d10,gnn,0,d10_p12,stochastic,1,16.1,10,,,trusted
rush_hour,d10,mlp,0,d10_p12,greedy,1,15.0,10,,,trusted
rush_hour,d10,mlp,0,d10_p12,stochastic,1,15.1,10,,,trusted
rush_hour,d10,cnn,0,d10_p12,greedy,1,15.0,10,,,trusted
rush_hour,d10,cnn,0,d10_p12,stochastic,1,15.0,10,,,trusted
rush_hour,d10,hrep,0,d10_p13,greedy,1,17.0,10,,,trusted
rush_hour,d10,hrep,0,d10_p13,stochastic,1,17.2,10,,,trusted
rush_hour,d10,vrep,0,d10_p13,greedy,1,17.0,10,,,trusted
rush_hour,d10,vrep,0,d10_p13,stochastic,1,17.1,10,,,trusted
rush_hour,d10,gnn,0,d10_p13,greedy,0,,10,,,trusted
rush_hour,d10,gnn,0,d10_p13,stochastic,0,150.0,10,,,trusted
rush_hour,d10,mlp,0,d10_p13,greedy,1,20.0,10,,,trusted
rush_hour,d10,mlp,0,d10_p13,stochastic,1,20.0,10,,,trusted
rush_hour,d10,cnn,0,d10_p13,greedy,1,19.0,10,,,trusted
rush_hour,d10,cnn,0,d10_p13,stochastic,1,19.1,10,,,trusted
rush_hour,d10,hrep,0,d10_p14,greedy,1,5.0,10,,,trusted
rush_hour,d10,hrep,0,d10_p14,stochastic,1,5.0,10,,,trusted
rush_hour,d10,vrep,0,d10_p14,greedy,1,5.0,10,,,trusted
rush_hour,d10,vrep,0,d10_p14,stochastic,1,5.0,10,,,trusted
rush_hour,d10,gnn,0,d10_p14,greedy,1,5.0,10,,,trusted
rush_hour,d10,gnn,0,d10_p14,stochastic,1,5.0,10,,,trusted
rush_hour,d10,mlp,0,d10_p14,greedy,1,5.0,10,,,trusted
rush_hour,d10,mlp,0,d10_p14,stochastic,1,5.0,10,,,trusted
rush_hour,d10,cnn,0,d10_p14,greedy,1,5.0,10,,,trusted
rush_hour,d10,cnn,0,d10_p14,stochastic,1,5.0,10,,,trusted
rush_hour,d12,hrep,0,d12_p0,greedy,0,,12,,,trusted
rush_hour,d12,hrep,0,d12_p0,stochastic,0,,12,,,trusted
rush_hour,d12,vrep,0,d12_p0,greedy,1,24.0,12,,,trusted
rush_hour,d12,vrep,0,d12_p0,stochastic,1,24.1,12,,,trusted
rush_hour,d12,gnn,0,d12_p0,greedy,0,,12,,,trusted
rush_hour,d12,gnn,0,d12_p0,stochastic,0,,12,,,trusted
rush_hour,d12,mlp,0,d12_p0,greedy,0,,12,,,trusted
rush_hour,d12,mlp,0,d12_p0,stochastic,0,,12,,,trusted
rush_hour,d12,cnn,0,d12_p0,greedy,0,,12,,,trusted
rush_hour,d12,cnn,0,d12_p0,stochastic,0,,12,,,trusted
rush_hour,d12,hrep,0,d12_p1,greedy,1,6.0,12,,,trusted
rush_hour,d12,hrep,0,d12_p1,stochastic,1,6.1,12,,,trusted
rush_hour,d12,vrep,0,d12_p1,greedy,1,6.0,12,,,trusted
rush_hour,d12,vrep,0,d12_p1,stochastic,1,6.1,12,,,trusted
rush_hour,d12,gnn,0,d12_p1,greedy,1,6.0,12,,,trusted
rush_hour,d12,gnn,0,d12_p1,stochastic,1,6.0,12,,,trusted
rush_hour,d12,mlp,0,d12_p1,greedy,1,6.0,12,,,trusted
rush_hour,d12,mlp,0,d12_p1,stochastic,1,6.0,12,,,trusted
rush_hour,d12,cnn,0,d12_p1,greedy,1,6.0,12,,,trusted
rush_hour,d12,cnn,0,d12_p1,stochastic,1,6.0,12,,,trusted
rush_hour,d12,hrep,0,d12_p2,greedy,1,5.0,12,,,trusted
rush_hour,d12,hrep,0,d12_p2,stochastic,1,5.3,12,,,trusted
rush_hour,d12,vrep,0,d12_p2,greedy,1,5.0,12,,,trusted
rush_hour,d12,vrep,0,d12_p2,stochastic,1,5.0,12,,,trusted
rush_hour,d12,gnn,0,d12_p2,greedy,1,5.0,12,,,trusted
rush_hour,d12,gnn,0,d12_p2,stochastic,1,5.0,12,,,trusted
rush_hour,d12,mlp,0,d12_p2,greedy,1,5.0,12,,,trusted
rush_hour,d12,mlp,0,d12_p2,stochastic,1,5.0,12,,,trusted
rush_hour,d12,cnn,0,d12_p2,greedy,1,5.0,12,,,trusted
rush_hour,d12,cnn,0,d12_p2,stochastic,1,5.0,12,,,trusted
rush_hour,d12,hrep,0,d12_p3,greedy,0,,12,,,trusted
rush_hour,d12,hrep,0,d12_p3,stochastic,0,,12,,,trusted
rush_hour,d12,vrep,0,d12_p3,greedy,1,22.0,12,,,trusted
rush_hour,d12,vrep,0,d12_p3,stochastic,1,22.0,12,,,trusted
rush_hour,d12,gnn,0,d12_p3,greedy,0,,12,,,trusted
rush_hour,d12,gnn,0,d12_p3,stochastic,0,,12,,,trusted
rush_hour,d12,mlp,0,d12_p3,greedy,0,,12,,,trusted
rush_hour,d12,mlp,0,d12_p3,stochastic,0,,12,,,trusted
rush_hour,d12,cnn,0,d12_p3,greedy,0,,12,,,trusted
rush_hour,d12,cnn,0,d12_p3,stochastic,0,,12,,,trusted
rush_hour,d12,hrep,0,d12_p4,greedy,1,19.0,12,,,trusted
rush_hour,d12,hrep,0,d12_p4,stochastic,1,19.2,12,,,trusted
rush_hour,d12,vrep,0,d12_p4,greedy,1,22.0,12,,,trusted
rush_hour,d12,vrep,0,d12_p4,stochastic,1,22.0,12,,,trusted
rush_hour,d12,gnn,0,d12_p4,greedy,1,19.0,12,,,trusted
rush_hour,d12,gnn,0,d12_p4,stochastic,1,19.1,12,,,trusted
rush_hour,d12,mlp,0,d12_p4,greedy,1,19.0,12,,,trusted
rush_hour,d12,mlp,0,d12_p4,stochastic,1,19.1,12,,,trusted
rush_hour,d12,cnn,0,d12_p4,greedy,1,19.0,12,,,trusted
rush_hour,d12,cnn,0,d12_p4,stochastic,1,19.3,12,,,trusted
rush_hour,d12,hrep,0,d12_p5,greedy,1,22.0,12,,,trusted
rush_hour,d12,hrep,0,d12_p5,stochastic,1,22.2,12,,,trusted
rush_hour,d12,vrep,0,d12_p5,greedy,0,,12,,,trusted
rush_hour,d12,vrep,0,d12_p5,stochastic,0,,12,,,trusted
rush_hour,d12,gnn,0,d12_p5,greedy,0,,12,,,trusted
rush_hour,d12,gnn,0,d12_p5,stochastic,0,,12,,,trusted
rush_hour,d12,mlp,0,d12_p5,greedy,0,,12,,,trusted
rush_hour,d12,mlp,0,d12_p5,stochastic,0,,12,,,trusted
rush_hour,d12,cnn,0,d12_p5,greedy,0,,12,,,trusted
rush_hour,d12,cnn,0,d12_p5,stochastic,0,,12,,,trusted
rush_hour,d12,hrep,0,d12_p6,greedy,1,14.0,12,,,trusted
rush_hour,d12,hrep,0,d12_p6,stochastic,1,14.0,12,,,trusted
rush_hour,d12,vrep,0,d12_p6,greedy,1,14.0,12,,,trusted
rush_hour,d12,vrep,0,d12_p6,stochastic,1,14.1,12,,,trusted
rush_hour,d12,gnn,0,d12_p6,greedy,1,14.0,12,,,trusted
rush_hour,d12,gnn,0,d12_p6,stochastic,1,14.0,12,,,trusted
rush_hour,d12,mlp,0,d12_p6,greedy,1,14.0,12,,,trusted
rush_hour,d12,mlp,0,d12_p6,stochastic,1,14.0,12,,,trusted
rush_hour,d12,cnn,0,d12_p6,greedy,1,14.0,12,,,trusted
rush_hour,d12,cnn,0,d12_p6,stochastic,1,14.0,12,,,trusted
rush_hour,d12,hrep,0,d12_p7,greedy,0,,12,,,trusted
rush_hour,d12,hrep,0,d12_p7,stochastic,0,,12,,,trusted
rush_hour,d12,vrep,0,d12_p7,greedy,0,,12,,,trusted
rush_hour,d12,vrep,0,d12_p7,stochastic,0,,12,,,trusted
rush_hour,d12,gnn,0,d12_p7,greedy,0,,12,,,trusted
rush_hour,d12,gnn,0,d12_p7,stochastic,0,,12,,,trusted
rush_hour,d12,mlp,0,d12_p7,greedy,0,,12,,,trusted
rush_hour,d12,mlp,0,d12_p7,stochastic,0,,12,,,trusted
rush_hour,d12,cnn,0,d12_p7,greedy,0,,12,,,trusted
rush_hour,d12,cnn,0,d12_p7,stochastic,0,,12,,,trusted
rush_hour,d12,hrep,0,d12_p8,greedy,1,20.0,12,,,trusted
rush_hour,d12,hrep,0,d12_p8,stochastic,1,20.2,12,,,trusted
rush_hour,d12,vrep,0,d12_p8,greedy,1,20.0,12,,,trusted
rush_hour,d12,vrep,0,d12_p8,stochastic,1,20.1,12,,,trusted
rush_hour,d12,gnn,0,d12_p8,greedy,1,21.0,12,,,trusted
rush_hour,d12,gnn,0,d12_p8,stochastic,1,21.0,12,,,trusted
rush_hour,d12,mlp,0,d12_p8,greedy,1,20.0,12,,,trusted
rush_hour,d12,mlp,0,d12_p8,stochastic,1,20.1,12,,,trusted
rush_hour,d12,cnn,0,d12_p8,greedy,1,20.0,12,,,trusted
rush_hour,d12,cnn,0,d12_p8,stochastic,1,20.3,12,,,trusted
rush_hour,d12,hrep,0,d12_p9,greedy,1,19.0,12,,,trusted
rush_hour,d12,hrep,0,d12_p9,stochastic,1,19.3,12,,,trusted
rush_hour,d12,vrep,0,d12_p9,greedy,1,19.0,12,,,trusted
rush_hour,d12,vrep,0,d12_p9,stochastic,1,19.4,12,,,trusted
rush_hour,d12,gnn,0,d12_p9,greedy,0,,12,,,trusted
rush_hour,d12,gnn,0,d12_p9,stochastic,0,,12,,,trusted
rush_hour,d12,mlp,0,d12_p9,greedy,1,19.0,12,,,trusted
rush_hour,d12,mlp,0,d12_p9,stochastic,1,19.2,12,,,trusted
rush_hour,d12,cnn,0,d12_p9,greedy,1,19.0,12,,,trusted
rush_hour,d12,cnn,0,d12_p9,stochastic,1,19.0,12,,,trusted
rush_hour,d12,hrep,0,d12_p10,greedy,1,28.0,12,,,trusted
rush_hour,d12,hrep,0,d12_p10,stochastic,1,28.2,12,,,trusted
rush_hour,d12,vrep,0,d12_p10,greedy,1,23.0,12,,,trusted
rush_hour,d12,vrep,0,d12_p10,stochastic,1,23.1,12,,,trusted
rush_hour,d12,gnn,0,d12_p10,greedy,0,,12,,,trusted
rush_hour,d12,gnn,0,d12_p10,stochastic,0,,12,,,trusted
rush_hour,d12,mlp,0,d12_p10,greedy,1,27.0,12,,,trusted
rush_hour,d12,mlp,0,d12_p10,stochastic,1,27.7,12,,,trusted
rush_hour,d12,cnn,0,d12_p10,greedy,1,20.0,12,,,trusted
rush_hour,d12,cnn,0,d12_p10,stochastic,1,20.0,12,,,trusted
rush_hour,d12,hrep,0,d12_p11,greedy,0,,12,,,trusted
rush_hour,d12,hrep,0,d12_p11,stochastic,0,,12,,,trusted
rush_hour,d12,vrep,0,d12_p11,greedy,1,21.0,12,,,trusted
rush_hour,d12,vrep,0,d12_p11,stochastic,1,21.0,12,,,trusted
rush_hour,d12,gnn,0,d12_p11,greedy,1,21.0,12,,,trusted
rush_hour,d12,gnn,0,d12_p11,stochastic,1,21.1,12,,,trusted
rush_hour,d12,mlp,0,d12_p11,greedy,1,21.0,12,,,trusted
rush_hour,d12,mlp,0,d12_p11,stochastic,1,21.1,12,,,trusted
rush_hour,d12,cnn,0,d12_p11,greedy,1,23.0,12,,,trusted
rush_hour,d12,cnn,0,d12_p11,stochastic,1,23.2,12,,,trusted
rush_hour,d12,hrep,0,d12_p12,greedy,1,17.0,12,,,trusted
rush_hour,d12,hrep,0,d12_p12,stochastic,1,17.1,12,,,trusted
rush_hour,d12,vrep,0,d12_p12,greedy,1,17.0,12,,,trusted
rush_hour,d12,vrep,0,d12_p12,stochastic,1,17.1,12,,,trusted
rush_hour,d12,gnn,0,d12_p12,greedy,1,17.0,12,,,trusted
rush_hour,d12,gnn,0,d12_p12,stochastic,1,17.1,12,,,trusted
rush_hour,d12,mlp,0,d12_p12,greedy,1,17.0,12,,,trusted
rush_hour,d12,mlp,0,d12_p12,stochastic,1,17.0,12,,,trusted
rush_hour,d12,cnn,0,d12_p12,greedy,1,17.0,12,,,trusted
rush_hour,d12,cnn,0,d12_p12,stochastic,1,17.1,12,,,trusted
rush_hour,d12,hrep,0,d12_p13,greedy,0,,12,,,trusted
rush_hour,d12,hrep,0,d12_p13,stochastic,0,,12,,,trusted
rush_hour,d12,vrep,0,d12_p13,greedy,1,21.0,12,,,trusted
rush_hour,d12,vrep,0,d12_p13,stochastic,1,21.4,12,,,trusted
rush_hour,d12,gnn,0,d12_p13,greedy,0,,12,,,trusted
rush_hour,d12,gnn,0,d12_p13,stochastic,0,,12,,,trusted
rush_hour,d12,mlp,0,d12_p13,greedy,1,16.0,12,,,trusted
rush_hour,d12,mlp,0,d12_p13,stochastic,1,16.0,12,,,trusted
rush_hour,d12,cnn,0,d12_p13,greedy,1,16.0,12,,,trusted
rush_hour,d12,cnn,0,d12_p13,stochastic,1,16.0,12,,,trusted
rush_hour,d12,hrep,0,d12_p14,greedy,1,7.0,12,,,trusted
rush_hour,d12,hrep,0,d12_p14,stochastic,1,7.2,12,,,trusted
rush_hour,d12,vrep,0,d12_p14,greedy,1,7.0,12,,,trusted
rush_hour,d12,vrep,0,d12_p14,stochastic,1,7.0,12,,,trusted
rush_hour,d12,gnn,0,d12_p14,greedy,1,7.0,12,,,trusted
rush_hour,d12,gnn,0,d12_p14,stochastic,1,7.1,12,,,trusted
rush_hour,d12,mlp,0,d12_p14,greedy,1,7.0,12,,,trusted
rush_hour,d12,mlp,0,d12_p14,stochastic,1,7.1,12,,,trusted
rush_hour,d12,cnn,0,d12_p14,greedy,1,7.0,12,,,trusted
rush_hour,d12,cnn,0,d12_p14,stochastic,1,7.0,12,,,trusted
rush_hour,d15,hrep,0,d15_p0,greedy,0,,15,,,trusted
rush_hour,d15,hrep,0,d15_p0,stochastic,0,,15,,,trusted
rush_hour,d15,vrep,0,d15_p0,greedy,1,27.0,15,,,trusted
rush_hour,d15,vrep,0,d15_p0,stochastic,1,27.9,15,,,trusted
rush_hour,d15,gnn,0,d15_p0,greedy,0,,15,,,trusted
rush_hour,d15,gnn,0,d15_p0,stochastic,0,,15,,,trusted
rush_hour,d15,mlp,0,d15_p0,greedy,1,27.0,15,,,trusted
rush_hour,d15,mlp,0,d15_p0,stochastic,1,27.4,15,,,trusted
rush_hour,d15,cnn,0,d15_p0,greedy,0,,15,,,trusted
rush_hour,d15,cnn,0,d15_p0,stochastic,0,,15,,,trusted
rush_hour,d15,hrep,0,d15_p1,greedy,0,,15,,,trusted
rush_hour,d15,hrep,0,d15_p1,stochastic,0,,15,,,trusted
rush_hour,d15,vrep,0,d15_p1,greedy,0,,15,,,trusted
rush_hour,d15,vrep,0,d15_p1,stochastic,0,,15,,,trusted
rush_hour,d15,gnn,0,d15_p1,greedy,0,,15,,,trusted
rush_hour,d15,gnn,0,d15_p1,stochastic,0,,15,,,trusted
rush_hour,d15,mlp,0,d15_p1,greedy,0,,15,,,trusted
rush_hour,d15,mlp,0,d15_p1,stochastic,0,,15,,,trusted
rush_hour,d15,cnn,0,d15_p1,greedy,1,26.0,15,,,trusted
rush_hour,d15,cnn,0,d15_p1,stochastic,1,26.5,15,,,trusted
rush_hour,d15,hrep,0,d15_p2,greedy,0,,15,,,trusted
rush_hour,d15,hrep,0,d15_p2,stochastic,0,,15,,,trusted
rush_hour,d15,vrep,0,d15_p2,greedy,0,,15,,,trusted
rush_hour,d15,vrep,0,d15_p2,stochastic,0,,15,,,trusted
rush_hour,d15,gnn,0,d15_p2,greedy,0,,15,,,trusted
rush_hour,d15,gnn,0,d15_p2,stochastic,0,,15,,,trusted
rush_hour,d15,mlp,0,d15_p2,greedy,0,,15,,,trusted
rush_hour,d15,mlp,0,d15_p2,stochastic,0,,15,,,trusted
rush_hour,d15,cnn,0,d15_p2,greedy,0,,15,,,trusted
rush_hour,d15,cnn,0,d15_p2,stochastic,0,,15,,,trusted
rush_hour,d15,hrep,0,d15_p3,greedy,0,,15,,,trusted
rush_hour,d15,hrep,0,d15_p3,stochastic,0,,15,,,trusted
rush_hour,d15,vrep,0,d15_p3,greedy,0,,15,,,trusted
rush_hour,d15,vrep,0,d15_p3,stochastic,0,,15,,,trusted
rush_hour,d15,gnn,0,d15_p3,greedy,0,,15,,,trusted
rush_hour,d15,gnn,0,d15_p3,stochastic,0,,15,,,trusted
rush_hour,d15,mlp,0,d15_p3,greedy,0,,15,,,trusted
rush_hour,d15,mlp,0,d15_p3,stochastic,0,,15,,,trusted
rush_hour,d15,cnn,0,d15_p3,greedy,1,34.0,15,,,trusted
rush_hour,d15,cnn,0,d15_p3,stochastic,1,34.2,15,,,trusted
rush_hour,d15,hrep,0,d15_p4,greedy,1,29.0,15,,,trusted
rush_hour,d15,hrep,0,d15_p4,stochastic,1,29.1,15,,,trusted
rush_hour,d15,vrep,0,d15_p4,greedy,1,28.0,15,,,trusted
rush_hour,d15,vrep,0,d15_p4,stochastic,1,28.0,15,,,trusted
rush_hour,d15,gnn,0,d15_p4,greedy,0,,15,,,trusted
rush_hour,d15,gnn,0,d15_p4,stochastic,0,,15,,,trusted
rush_hour,d15,mlp,0,d15_p4,greedy,0,,15,,,trusted
rush_hour,d15,mlp,0,d15_p4,stochastic,0,,15,,,trusted
rush_hour,d15,cnn,0,d15_p4,greedy,0,,15,,,trusted
rush_hour,d15,cnn,0,d15_p4,stochastic,0,,15,,,trusted
rush_hour,d15,hrep,0,d15_p5,greedy,1,6.0,15,,,trusted
rush_hour,d15,hrep,0,d15_p5,stochastic,1,6.1,15,,,trusted
rush_hour,d15,vrep,0,d15_p5,greedy,1,6.0,15,,,trusted
rush_hour,d15,vrep,0,d15_p5,stochastic,1,6.1,15,,,trusted
rush_hour,d15,gnn,0,d15_p5,greedy,1,6.0,15,,,trusted
rush_hour,d15,gnn,0,d15_p5,stochastic,1,6.0,15,,,trusted
rush_hour,d15,mlp,0,d15_p5,greedy,1,6.0,15,,,trusted
rush_hour,d15,mlp,0,d15_p5,stochastic,1,6.0,15,,,trusted
rush_hour,d15,cnn,0,d15_p5,greedy,1,6.0,15,,,trusted
rush_hour,d15,cnn,0,d15_p5,stochastic,1,6.0,15,,,trusted
rush_hour,d15,hrep,0,d15_p6,greedy,1,13.0,15,,,trusted
rush_hour,d15,hrep,0,d15_p6,stochastic,1,13.0,15,,,trusted
rush_hour,d15,vrep,0,d15_p6,greedy,1,13.0,15,,,trusted
rush_hour,d15,vrep,0,d15_p6,stochastic,1,13.0,15,,,trusted
rush_hour,d15,gnn,0,d15_p6,greedy,1,13.0,15,,,trusted
rush_hour,d15,gnn,0,d15_p6,stochastic,1,13.0,15,,,trusted
rush_hour,d15,mlp,0,d15_p6,greedy,1,13.0,15,,,trusted
rush_hour,d15,mlp,0,d15_p6,stochastic,1,13.0,15,,,trusted
rush_hour,d15,cnn,0,d15_p6,greedy,1,13.0,15,,,trusted
rush_hour,d15,cnn,0,d15_p6,stochastic,1,13.1,15,,,trusted
rush_hour,d15,hrep,0,d15_p7,greedy,1,20.0,15,,,trusted
rush_hour,d15,hrep,0,d15_p7,stochastic,1,20.0,15,,,trusted
rush_hour,d15,vrep,0,d15_p7,greedy,1,20.0,15,,,trusted
rush_hour,d15,vrep,0,d15_p7,stochastic,1,20.2,15,,,trusted
rush_hour,d15,gnn,0,d15_p7,greedy,1,20.0,15,,,trusted
rush_hour,d15,gnn,0,d15_p7,stochastic,1,20.0,15,,,trusted
rush_hour,d15,mlp,0,d15_p7,greedy,1,20.0,15,,,trusted
rush_hour,d15,mlp,0,d15_p7,stochastic,1,20.0,15,,,trusted
rush_hour,d15,cnn,0,d15_p7,greedy,1,20.0,15,,,trusted
rush_hour,d15,cnn,0,d15_p7,stochastic,1,20.0,15,,,trusted
rush_hour,d15,hrep,0,d15_p8,greedy,1,6.0,15,,,trusted
rush_hour,d15,hrep,0,d15_p8,stochastic,1,6.0,15,,,trusted
rush_hour,d15,vrep,0,d15_p8,greedy,1,6.0,15,,,trusted
rush_hour,d15,vrep,0,d15_p8,stochastic,1,6.0,15,,,trusted
rush_hour,d15,gnn,0,d15_p8,greedy,1,6.0,15,,,trusted
rush_hour,d15,gnn,0,d15_p8,stochastic,1,6.0,15,,,trusted
rush_hour,d15,mlp,0,d15_p8,greedy,1,6.0,15,,,trusted
rush_hour,d15,mlp,0,d15_p8,stochastic,1,6.1,15,,,trusted
rush_hour,d15,cnn,0,d15_p8,greedy,1,6.0,15,,,trusted
rush_hour,d15,cnn,0,d15_p8,stochastic,1,6.0,15,,,trusted
rush_hour,d15,hrep,0,d15_p9,greedy,0,,15,,,trusted
rush_hour,d15,hrep,0,d15_p9,stochastic,0,,15,,,trusted
rush_hour,d15,vrep,0,d15_p9,greedy,0,,15,,,trusted
rush_hour,d15,vrep,0,d15_p9,stochastic,0,,15,,,trusted
rush_hour,d15,gnn,0,d15_p9,greedy,0,,15,,,trusted
rush_hour,d15,gnn,0,d15_p9,stochastic,0,,15,,,trusted
rush_hour,d15,mlp,0,d15_p9,greedy,0,,15,,,trusted
rush_hour,d15,mlp,0,d15_p9,stochastic,0,,15,,,trusted
rush_hour,d15,cnn,0,d15_p9,greedy,0,,15,,,trusted
rush_hour,d15,cnn,0,d15_p9,stochastic,0,,15,,,trusted
rush_hour,d15,hrep,0,d15_p10,greedy,0,,15,,,trusted
rush_hour,d15,hrep,0,d15_p10,stochastic,0,,15,,,trusted
rush_hour,d15,vrep,0,d15_p10,greedy,0,,15,,,trusted
rush_hour,d15,vrep,0,d15_p10,stochastic,0,,15,,,trusted
rush_hour,d15,gnn,0,d15_p10,greedy,0,,15,,,trusted
rush_hour,d15,gnn,0,d15_p10,stochastic,0,,15,,,trusted
rush_hour,d15,mlp,0,d15_p10,greedy,0,,15,,,trusted
rush_hour,d15,mlp,0,d15_p10,stochastic,0,,15,,,trusted
rush_hour,d15,cnn,0,d15_p10,greedy,0,,15,,,trusted
rush_hour,d15,cnn,0,d15_p10,stochastic,0,,15,,,trusted
rush_hour,d15,hrep,0,d15_p11,greedy,1,13.0,15,,,trusted
rush_hour,d15,hrep,0,d15_p11,stochastic,1,13.2,15,,,trusted
rush_hour,d15,vrep,0,d15_p11,greedy,1,13.0,15,,,trusted
rush_hour,d15,vrep,0,d15_p11,stochastic,1,13.0,15,,,trusted
rush_hour,d15,gnn,0,d15_p11,greedy,1,13.0,15,,,trusted
rush_hour,d15,gnn,0,d15_p11,stochastic,1,13.2,15,,,trusted
rush_hour,d15,mlp,0,d15_p11,greedy,1,13.0,15,,,trusted
rush_hour,d15,mlp,0,d15_p11,stochastic,1,13.1,15,,,trusted
rush_hour,d15,cnn,0,d15_p11,greedy,1,13.0,15,,,trusted
rush_hour,d15,cnn,0,d15_p11,stochastic,1,13.1,15,,,trusted
rush_hour,d15,hrep,0,d15_p12,greedy,1,3.0,15,,,trusted
rush_hour,d15,hrep,0,d15_p12,stochastic,1,3.0,15,,,trusted
rush_hour,d15,vrep,0,d15_p12,greedy,1,3.0,15,,,trusted
rush_hour,d15,vrep,0,d15_p12,stochastic,1,3.0,15,,,trusted
rush_hour,d15,gnn,0,d15_p12,greedy,1,3.0,15,,,trusted
rush_hour,d15,gnn,0,d15_p12,stochastic,1,3.0,15,,,trusted
rush_hour,d15,mlp,0,d15_p12,greedy,1,3.0,15,,,trusted
rush_hour,d15,mlp,0,d15_p12,stochastic,1,3.0,15,,,trusted
rush_hour,d15,cnn,0,d15_p12,greedy,1,3.0,15,,,trusted
rush_hour,d15,cnn,0,d15_p12,stochastic,1,3.0,15,,,trusted
rush_hour,d15,hrep,0,d15_p13,greedy,1,10.0,15,,,trusted
rush_hour,d15,hrep,0,d15_p13,stochastic,1,10.0,15,,,trusted
rush_hour,d15,vrep,0,d15_p13,greedy,1,10.0,15,,,trusted
rush_hour,d15,vrep,0,d15_p13,stochastic,1,10.0,15,,,trusted
rush_hour,d15,gnn,0,d15_p13,greedy,1,10.0,15,,,trusted
rush_hour,d15,gnn,0,d15_p13,stochastic,1,10.2,15,,,trusted
rush_hour,d15,mlp,0,d15_p13,greedy,1,10.0,15,,,trusted
rush_hour,d15,mlp,0,d15_p13,stochastic,1,10.1,15,,,trusted
rush_hour,d15,cnn,0,d15_p13,greedy,1,10.0,15,,,trusted
rush_hour,d15,cnn,0,d15_p13,stochastic,1,10.1,15,,,trusted
rush_hour,d15,hrep,0,d15_p14,greedy,1,9.0,15,,,trusted
rush_hour,d15,hrep,0,d15_p14,stochastic,1,9.1,15,,,trusted
rush_hour,d15,vrep,0,d15_p14,greedy,1,9.0,15,,,trusted
rush_hour,d15,vrep,0,d15_p14,stochastic,1,9.1,15,,,trusted
rush_hour,d15,gnn,0,d15_p14,greedy,1,9.0,15,,,trusted
rush_hour,d15,gnn,0,d15_p14,stochastic,1,9.0,15,,,trusted
rush_hour,d15,mlp,0,d15_p14,greedy,1,9.0,15,,,trusted
rush_hour,d15,mlp,0,d15_p14,stochastic,1,9.1,15,,,trusted
rush_hour,d15,cnn,0,d15_p14,greedy,1,9.0,15,,,trusted
rush_hour,d15,cnn,0,d15_p14,stochastic,1,9.1,15,,,trusted
